{
    "Success": true,
    "Diagnostics": [],
    "Systems": [
        {
            "Name": "LethalObstaclesSystem",
            "QualifiedName": "game.LethalObstaclesSystem",
            "Description": "New System",
            "Source": {
                "File": "F:/2019/TinyProyect/TinyBallGame/Assets/ZenBall/Scripts/LethalObstaclesSystem.ts",
                "Line": 5,
                "Character": 17
            }
        },
        {
            "Name": "CollisionAudioSystem",
            "QualifiedName": "game.CollisionAudioSystem",
            "Description": "",
            "Source": {
                "File": "F:/2019/TinyProyect/TinyBallGame/Assets/ZenBall/Scripts/Audio/CollisionAudioSystem.ts",
                "Line": 6,
                "Character": 17
            },
            "ExecuteAfter": [
                "ut.Shared.UserCodeStart"
            ],
            "ExecuteBefore": [
                "ut.Shared.UserCodeEnd"
            ],
            "RequiredComponents": [
                "ut.Physics2D.ColliderContacts",
                "ut.Core2D.Sprite2DRenderer"
            ]
        },
        {
            "Name": "DirectionalPowerSystem",
            "QualifiedName": "game.DirectionalPowerSystem",
            "Description": "New System",
            "Source": {
                "File": "F:/2019/TinyProyect/TinyBallGame/Assets/ZenBall/Scripts/Deprecated/DirectionalPowerSystem.ts",
                "Line": 7,
                "Character": 17
            }
        },
        {
            "Name": "ObstacleSpawnSystem",
            "QualifiedName": "game.ObstacleSpawnSystem",
            "Description": "New System",
            "Source": {
                "File": "F:/2019/TinyProyect/TinyBallGame/Assets/ZenBall/Scripts/Deprecated/RandomObstacleSpawnSystem.ts",
                "Line": 5,
                "Character": 17
            }
        },
        {
            "Name": "DirectionInputSystem",
            "QualifiedName": "game.DirectionInputSystem",
            "Description": "InputHandlingSystem",
            "Source": {
                "File": "F:/2019/TinyProyect/TinyBallGame/Assets/ZenBall/Scripts/Directional input/DirectionInputSystem.ts",
                "Line": 6,
                "Character": 17
            }
        },
        {
            "Name": "BallSystem",
            "QualifiedName": "game.BallSystem",
            "Description": "New System",
            "Source": {
                "File": "F:/2019/TinyProyect/TinyBallGame/Assets/ZenBall/Scripts/Gameplay/BallSystem.ts",
                "Line": 6,
                "Character": 17
            }
        },
        {
            "Name": "BorderSystem",
            "QualifiedName": "game.BorderSystem",
            "Description": "New System",
            "Source": {
                "File": "F:/2019/TinyProyect/TinyBallGame/Assets/ZenBall/Scripts/Gameplay/BorderSystem.ts",
                "Line": 4,
                "Character": 17
            }
        },
        {
            "Name": "CoinSpawnSystem",
            "QualifiedName": "game.CoinSpawnSystem",
            "Description": "New System",
            "Source": {
                "File": "F:/2019/TinyProyect/TinyBallGame/Assets/ZenBall/Scripts/Gameplay/CoinSpawnSystem.ts",
                "Line": 5,
                "Character": 17
            }
        },
        {
            "Name": "GameSystem",
            "QualifiedName": "game.GameSystem",
            "Description": "New System",
            "Source": {
                "File": "F:/2019/TinyProyect/TinyBallGame/Assets/ZenBall/Scripts/Gameplay/GameSystem.ts",
                "Line": 5,
                "Character": 17
            }
        },
        {
            "Name": "JsonObstacleSpawner",
            "QualifiedName": "game.JsonObstacleSpawner",
            "Description": "New System",
            "Source": {
                "File": "F:/2019/TinyProyect/TinyBallGame/Assets/ZenBall/Scripts/Gameplay/JsonObstacleSpawner.ts",
                "Line": 4,
                "Character": 17
            }
        },
        {
            "Name": "NextLevelSystem",
            "QualifiedName": "game.NextLevelSystem",
            "Description": "",
            "Source": {
                "File": "F:/2019/TinyProyect/TinyBallGame/Assets/ZenBall/Scripts/Gameplay/NextLevelSystem.ts",
                "Line": 5,
                "Character": 17
            },
            "ExecuteAfter": [
                "game.CoinSpawnSystem"
            ]
        },
        {
            "Name": "TimeLethalitySystem",
            "QualifiedName": "game.TimeLethalitySystem",
            "Description": "New System",
            "Source": {
                "File": "F:/2019/TinyProyect/TinyBallGame/Assets/ZenBall/Scripts/Gameplay/TimeLethalitySystem.ts",
                "Line": 5,
                "Character": 17
            }
        },
        {
            "Name": "TutorialSystem",
            "QualifiedName": "game.TutorialSystem",
            "Description": "",
            "Source": {
                "File": "F:/2019/TinyProyect/TinyBallGame/Assets/ZenBall/Scripts/Gameplay/TutorialSystem.ts",
                "Line": 6,
                "Character": 17
            },
            "ExecuteBefore": [
                "game.GameSystem"
            ]
        },
        {
            "Name": "GameOverScreenSystem",
            "QualifiedName": "game.GameOverScreenSystem",
            "Description": "New System",
            "Source": {
                "File": "F:/2019/TinyProyect/TinyBallGame/Assets/ZenBall/Scripts/UI/GameOverScreenSystem.ts",
                "Line": 5,
                "Character": 17
            }
        },
        {
            "Name": "LineRenderingSystem",
            "QualifiedName": "game.LineRenderingSystem",
            "Description": "New System",
            "Source": {
                "File": "F:/2019/TinyProyect/TinyBallGame/Assets/ZenBall/Scripts/UI/LineRenderingSystem.ts",
                "Line": 5,
                "Character": 17
            }
        },
        {
            "Name": "ShotsUISystem",
            "QualifiedName": "game.ShotsUISystem",
            "Description": "New System",
            "Source": {
                "File": "F:/2019/TinyProyect/TinyBallGame/Assets/ZenBall/Scripts/UI/ShotsUISystem.ts",
                "Line": 5,
                "Character": 17
            }
        }
    ],
    "Filters": [],
    "Behaviours": [],
    "Performance": [
        {
            "Key": "tsconfig",
            "Description": "Time taken to read and parse the given tsconfig.json file",
            "Duration": 127,
            "Steps": 1
        },
        {
            "Key": "checksum",
            "Description": "Time taken to compute the MD5 of all inputs",
            "Duration": 204,
            "Steps": 1
        },
        {
            "Key": "compile",
            "Description": "Time taken to compile the TypeScript program",
            "Duration": 1107,
            "Steps": 26
        },
        {
            "Key": "emit",
            "Description": "Time taken to generate and write the JavaScript output",
            "Duration": 205,
            "Steps": 2
        },
        {
            "Key": "metadata",
            "Description": "Time taken to reflect Tiny metadata from the compiled program",
            "Duration": 8,
            "Steps": 16
        }
    ],
    "SourceFiles": [
        "F:/2019/TinyProyect/TinyBallGame/Assets/ZenBall/Scripts/LethalObstaclesSystem.ts",
        "F:/2019/TinyProyect/TinyBallGame/Assets/ZenBall/Scripts/Audio/CollisionAudioSystem.ts",
        "F:/2019/TinyProyect/TinyBallGame/Assets/ZenBall/Scripts/Deprecated/DirectionalPowerSystem.ts",
        "F:/2019/TinyProyect/TinyBallGame/Assets/ZenBall/Scripts/Deprecated/RandomObstacleSpawnSystem.ts",
        "F:/2019/TinyProyect/TinyBallGame/Assets/ZenBall/Scripts/Directional input/DirectionInputSystem.ts",
        "F:/2019/TinyProyect/TinyBallGame/Assets/ZenBall/Scripts/Gameplay/BallSystem.ts",
        "F:/2019/TinyProyect/TinyBallGame/Assets/ZenBall/Scripts/Gameplay/BorderSystem.ts",
        "F:/2019/TinyProyect/TinyBallGame/Assets/ZenBall/Scripts/Gameplay/CoinSpawnSystem.ts",
        "F:/2019/TinyProyect/TinyBallGame/Assets/ZenBall/Scripts/Gameplay/GameSystem.ts",
        "F:/2019/TinyProyect/TinyBallGame/Assets/ZenBall/Scripts/Gameplay/JsonObstacleSpawner.ts",
        "F:/2019/TinyProyect/TinyBallGame/Assets/ZenBall/Scripts/Gameplay/NextLevelSystem.ts",
        "F:/2019/TinyProyect/TinyBallGame/Assets/ZenBall/Scripts/Gameplay/TimeLethalitySystem.ts",
        "F:/2019/TinyProyect/TinyBallGame/Assets/ZenBall/Scripts/Gameplay/TutorialSystem.ts",
        "F:/2019/TinyProyect/TinyBallGame/Assets/ZenBall/Scripts/UI/GameOverScreenSystem.ts",
        "F:/2019/TinyProyect/TinyBallGame/Assets/ZenBall/Scripts/UI/LineRenderingSystem.ts",
        "F:/2019/TinyProyect/TinyBallGame/Assets/ZenBall/Scripts/UI/ShotsUISystem.ts",
        "F:/2019/TinyProyect/TinyBallGame/Assets/ZenBall/Scripts/Utils/JsonUtils.ts",
        "F:/2019/TinyProyect/TinyBallGame/Library/PackageCache/com.unity.tiny@0.13.4-preview/Runtime/Modules/UTiny.EntityGroup/Scripts/EntityGroup.ts",
        "F:/2019/TinyProyect/TinyBallGame/Library/PackageCache/com.unity.tiny@0.13.4-preview/Runtime/Modules/UTiny.EntityGroup/Scripts/EntityLookupCache.ts"
    ],
    "InputHash": "daa2c740f33a36f840362d976cc86ed6",
    "GeneratedAt": "Mon Feb 11 2019 09:27:37 GMT-0500 (Hora est. Pacífico, Sudamérica)"
}