﻿{
    "Item": {
        "Name": "Project",
        "Size": 0,
        "CompressedSize": 0
    },
    "Children": [{
        "Item": {
            "Name": "Runtime",
            "Size": 0,
            "CompressedSize": 0
        },
        "Children": [{
            "Item": {
                "Name": "TinyExport/ZenBall/html5/development/bin/runtime.js",
                "Size": 6196610,
                "CompressedSize": 784949
            }
        }]
    }, {
        "Item": {
            "Name": "Assets",
            "Size": 0,
            "CompressedSize": 0
        },
        "Children": [{
            "Item": {
                "Name": "JavaScript",
                "Size": 24404,
                "CompressedSize": 0
            }
        }, {
            "Item": {
                "Name": "Assets/ZenBall/Textures/Ball/Frame 1.png",
                "Size": 0,
                "CompressedSize": 0,
                "Object": { "$TypeId": 10, "Guid": "432ebf0e89cf5b74e9ccbd5606cde427", "FileId": 2800000, "Type": 3 }
            },
            "Children": [{
                "Item": {
                    "Name": "TinyExport/Assets/Frame 1.png",
                    "Size": 2384,
                    "CompressedSize": 1836,
                    "Object": { "$TypeId": 10, "Guid": "432ebf0e89cf5b74e9ccbd5606cde427", "FileId": 2800000, "Type": 3 }
                }
            }]
        }, {
            "Item": {
                "Name": "Assets/ZenBall/Textures/Ball/Frame 2.png",
                "Size": 0,
                "CompressedSize": 0,
                "Object": { "$TypeId": 10, "Guid": "8641ac16a303abd4180f2fe2d7bd9711", "FileId": 2800000, "Type": 3 }
            },
            "Children": [{
                "Item": {
                    "Name": "TinyExport/Assets/Frame 2.png",
                    "Size": 2420,
                    "CompressedSize": 1860,
                    "Object": { "$TypeId": 10, "Guid": "8641ac16a303abd4180f2fe2d7bd9711", "FileId": 2800000, "Type": 3 }
                }
            }]
        }, {
            "Item": {
                "Name": "Assets/ZenBall/Textures/Ball/Frame 3.png",
                "Size": 0,
                "CompressedSize": 0,
                "Object": { "$TypeId": 10, "Guid": "68fcfa9057d2dc941ab15ee7f6c1ec73", "FileId": 2800000, "Type": 3 }
            },
            "Children": [{
                "Item": {
                    "Name": "TinyExport/Assets/Frame 3.png",
                    "Size": 2412,
                    "CompressedSize": 1856,
                    "Object": { "$TypeId": 10, "Guid": "68fcfa9057d2dc941ab15ee7f6c1ec73", "FileId": 2800000, "Type": 3 }
                }
            }]
        }, {
            "Item": {
                "Name": "Assets/ZenBall/Textures/Ball/Frame 4.png",
                "Size": 0,
                "CompressedSize": 0,
                "Object": { "$TypeId": 10, "Guid": "a1817d3141eb7a849a2be6a39a314c61", "FileId": 2800000, "Type": 3 }
            },
            "Children": [{
                "Item": {
                    "Name": "TinyExport/Assets/Frame 4.png",
                    "Size": 2396,
                    "CompressedSize": 1844,
                    "Object": { "$TypeId": 10, "Guid": "a1817d3141eb7a849a2be6a39a314c61", "FileId": 2800000, "Type": 3 }
                }
            }]
        }, {
            "Item": {
                "Name": "Assets/ZenBall/Textures/Ball/Frame 5.png",
                "Size": 0,
                "CompressedSize": 0,
                "Object": { "$TypeId": 10, "Guid": "8043e9be8b361bc4997f848186bb4d74", "FileId": 2800000, "Type": 3 }
            },
            "Children": [{
                "Item": {
                    "Name": "TinyExport/Assets/Frame 5.png",
                    "Size": 2384,
                    "CompressedSize": 1833,
                    "Object": { "$TypeId": 10, "Guid": "8043e9be8b361bc4997f848186bb4d74", "FileId": 2800000, "Type": 3 }
                }
            }]
        }, {
            "Item": {
                "Name": "Assets/ZenBall/Textures/Aro Zen Ball.png",
                "Size": 0,
                "CompressedSize": 0,
                "Object": { "$TypeId": 10, "Guid": "0ea3c4b20734d9844a012abf1c2d57f6", "FileId": 2800000, "Type": 3 }
            },
            "Children": [{
                "Item": {
                    "Name": "TinyExport/Assets/Aro Zen Ball.png",
                    "Size": 5980,
                    "CompressedSize": 4533,
                    "Object": { "$TypeId": 10, "Guid": "0ea3c4b20734d9844a012abf1c2d57f6", "FileId": 2800000, "Type": 3 }
                }
            }]
        }, {
            "Item": {
                "Name": "Assets/ZenBall/Textures/Arrow.png",
                "Size": 0,
                "CompressedSize": 0,
                "Object": { "$TypeId": 10, "Guid": "7df82a6f9661b7543810ce38685402c5", "FileId": 2800000, "Type": 3 }
            },
            "Children": [{
                "Item": {
                    "Name": "TinyExport/Assets/Arrow.png",
                    "Size": 4028,
                    "CompressedSize": 1265,
                    "Object": { "$TypeId": 10, "Guid": "7df82a6f9661b7543810ce38685402c5", "FileId": 2800000, "Type": 3 }
                }
            }]
        }, {
            "Item": {
                "Name": "Assets/ZenBall/Textures/Fondo.png",
                "Size": 0,
                "CompressedSize": 0,
                "Object": { "$TypeId": 10, "Guid": "49357d1d3299fe84baa7180e61bf4c1c", "FileId": 2800000, "Type": 3 }
            },
            "Children": [{
                "Item": {
                    "Name": "TinyExport/Assets/Fondo.png",
                    "Size": 31680,
                    "CompressedSize": 1705,
                    "Object": { "$TypeId": 10, "Guid": "49357d1d3299fe84baa7180e61bf4c1c", "FileId": 2800000, "Type": 3 }
                }
            }]
        }, {
            "Item": {
                "Name": "Assets/ZenBall/Textures/Fondo (1).png",
                "Size": 0,
                "CompressedSize": 0,
                "Object": { "$TypeId": 10, "Guid": "a7f7cd2dd929bb94ebaf67f26bf2bdb4", "FileId": 2800000, "Type": 3 }
            },
            "Children": [{
                "Item": {
                    "Name": "TinyExport/Assets/Fondo (1).png",
                    "Size": 31764,
                    "CompressedSize": 1486,
                    "Object": { "$TypeId": 10, "Guid": "a7f7cd2dd929bb94ebaf67f26bf2bdb4", "FileId": 2800000, "Type": 3 }
                }
            }]
        }, {
            "Item": {
                "Name": "Assets/ZenBall/Audio/BackgroundLoop.wav",
                "Size": 0,
                "CompressedSize": 0,
                "Object": { "$TypeId": 10, "Guid": "56ecbb10998a2574891dcf4a8e0892eb", "FileId": 8300000, "Type": 3 }
            },
            "Children": [{
                "Item": {
                    "Name": "TinyExport/Assets/BackgroundLoop.wav",
                    "Size": 1008196,
                    "CompressedSize": 749034,
                    "Object": { "$TypeId": 10, "Guid": "56ecbb10998a2574891dcf4a8e0892eb", "FileId": 8300000, "Type": 3 }
                }
            }]
        }, {
            "Item": {
                "Name": "Assets/ZenBall/Audio/Hit2.wav",
                "Size": 0,
                "CompressedSize": 0,
                "Object": { "$TypeId": 10, "Guid": "499b4df34f66538419cf965ab12a3ab4", "FileId": 8300000, "Type": 3 }
            },
            "Children": [{
                "Item": {
                    "Name": "TinyExport/Assets/Hit2.wav",
                    "Size": 404488,
                    "CompressedSize": 34967,
                    "Object": { "$TypeId": 10, "Guid": "499b4df34f66538419cf965ab12a3ab4", "FileId": 8300000, "Type": 3 }
                }
            }]
        }, {
            "Item": {
                "Name": "Assets/ZenBall/Audio/Hit4.wav",
                "Size": 0,
                "CompressedSize": 0,
                "Object": { "$TypeId": 10, "Guid": "1744d71a631d526448ced64864b10a11", "FileId": 8300000, "Type": 3 }
            },
            "Children": [{
                "Item": {
                    "Name": "TinyExport/Assets/Hit4.wav",
                    "Size": 404488,
                    "CompressedSize": 262691,
                    "Object": { "$TypeId": 10, "Guid": "1744d71a631d526448ced64864b10a11", "FileId": 8300000, "Type": 3 }
                }
            }]
        }, {
            "Item": {
                "Name": "Assets/ZenBall/Audio/Coin.wav",
                "Size": 0,
                "CompressedSize": 0,
                "Object": { "$TypeId": 10, "Guid": "ec887d747faa2514488b6589881b8d9d", "FileId": 8300000, "Type": 3 }
            },
            "Children": [{
                "Item": {
                    "Name": "TinyExport/Assets/Coin.wav",
                    "Size": 404488,
                    "CompressedSize": 252024,
                    "Object": { "$TypeId": 10, "Guid": "ec887d747faa2514488b6589881b8d9d", "FileId": 8300000, "Type": 3 }
                }
            }]
        }, {
            "Item": {
                "Name": "Assets/ZenBall/Audio/Lost.wav",
                "Size": 0,
                "CompressedSize": 0,
                "Object": { "$TypeId": 10, "Guid": "f019a278197aa014fbddeffa32f3285b", "FileId": 8300000, "Type": 3 }
            },
            "Children": [{
                "Item": {
                    "Name": "TinyExport/Assets/Lost.wav",
                    "Size": 404488,
                    "CompressedSize": 44858,
                    "Object": { "$TypeId": 10, "Guid": "f019a278197aa014fbddeffa32f3285b", "FileId": 8300000, "Type": 3 }
                }
            }]
        }, {
            "Item": {
                "Name": "Assets/ZenBall/Textures/linea Punteada.png",
                "Size": 0,
                "CompressedSize": 0,
                "Object": { "$TypeId": 10, "Guid": "e5fce83cf52364e408f6c6a412060d9b", "FileId": 2800000, "Type": 3 }
            },
            "Children": [{
                "Item": {
                    "Name": "TinyExport/Assets/linea Punteada.png",
                    "Size": 244,
                    "CompressedSize": 215,
                    "Object": { "$TypeId": 10, "Guid": "e5fce83cf52364e408f6c6a412060d9b", "FileId": 2800000, "Type": 3 }
                }
            }]
        }, {
            "Item": {
                "Name": "Assets/ZenBall/Textures/Circulo Punteado.png",
                "Size": 0,
                "CompressedSize": 0,
                "Object": { "$TypeId": 10, "Guid": "cfdb1286acf90614f84e960d097a8974", "FileId": 2800000, "Type": 3 }
            },
            "Children": [{
                "Item": {
                    "Name": "TinyExport/Assets/Circulo Punteado.png",
                    "Size": 5004,
                    "CompressedSize": 3693,
                    "Object": { "$TypeId": 10, "Guid": "cfdb1286acf90614f84e960d097a8974", "FileId": 2800000, "Type": 3 }
                }
            }]
        }, {
            "Item": {
                "Name": "Assets/ZenBall/Textures/Monedas.png",
                "Size": 0,
                "CompressedSize": 0,
                "Object": { "$TypeId": 10, "Guid": "33b38470f19474b4fa68c1f31f88eb09", "FileId": 2800000, "Type": 3 }
            },
            "Children": [{
                "Item": {
                    "Name": "TinyExport/Assets/Monedas.png",
                    "Size": 1456,
                    "CompressedSize": 1134,
                    "Object": { "$TypeId": 10, "Guid": "33b38470f19474b4fa68c1f31f88eb09", "FileId": 2800000, "Type": 3 }
                }
            }]
        }, {
            "Item": {
                "Name": "Assets/ZenBall/Textures/Obstáculo.png",
                "Size": 0,
                "CompressedSize": 0,
                "Object": { "$TypeId": 10, "Guid": "bbcfaa7b82778f64191f9c20d7ca7cd7", "FileId": 2800000, "Type": 3 }
            },
            "Children": [{
                "Item": {
                    "Name": "TinyExport/Assets/Obstáculo.png",
                    "Size": 3388,
                    "CompressedSize": 1007,
                    "Object": { "$TypeId": 10, "Guid": "bbcfaa7b82778f64191f9c20d7ca7cd7", "FileId": 2800000, "Type": 3 }
                }
            }]
        }, {
            "Item": {
                "Name": "Assets/ZenBall/Textures/Shots/Vida.png",
                "Size": 0,
                "CompressedSize": 0,
                "Object": { "$TypeId": 10, "Guid": "1f33500db3512634bb3f4425796a240a", "FileId": 2800000, "Type": 3 }
            },
            "Children": [{
                "Item": {
                    "Name": "TinyExport/Assets/Vida.png",
                    "Size": 424,
                    "CompressedSize": 182,
                    "Object": { "$TypeId": 10, "Guid": "1f33500db3512634bb3f4425796a240a", "FileId": 2800000, "Type": 3 }
                }
            }]
        }, {
            "Item": {
                "Name": "Assets/ZenBall/Textures/Shots/Vida en uso.png",
                "Size": 0,
                "CompressedSize": 0,
                "Object": { "$TypeId": 10, "Guid": "cf6b358497a155a47801a0583348bebb", "FileId": 2800000, "Type": 3 }
            },
            "Children": [{
                "Item": {
                    "Name": "TinyExport/Assets/Vida en uso.png",
                    "Size": 520,
                    "CompressedSize": 423,
                    "Object": { "$TypeId": 10, "Guid": "cf6b358497a155a47801a0583348bebb", "FileId": 2800000, "Type": 3 }
                }
            }]
        }, {
            "Item": {
                "Name": "Assets/ZenBall/Textures/Shots/Vida usada.png",
                "Size": 0,
                "CompressedSize": 0,
                "Object": { "$TypeId": 10, "Guid": "58c920aea4a2cf3448c48dec26efeeda", "FileId": 2800000, "Type": 3 }
            },
            "Children": [{
                "Item": {
                    "Name": "TinyExport/Assets/Vida usada.png",
                    "Size": 432,
                    "CompressedSize": 188,
                    "Object": { "$TypeId": 10, "Guid": "58c920aea4a2cf3448c48dec26efeeda", "FileId": 2800000, "Type": 3 }
                }
            }]
        }, {
            "Item": {
                "Name": "Assets/ZenBall/Textures/Shots/Tiros Acabados.png",
                "Size": 0,
                "CompressedSize": 0,
                "Object": { "$TypeId": 10, "Guid": "d10c5b3eeb1458247b274c080e457bc0", "FileId": 2800000, "Type": 3 }
            },
            "Children": [{
                "Item": {
                    "Name": "TinyExport/Assets/Tiros Acabados.png",
                    "Size": 2544,
                    "CompressedSize": 331,
                    "Object": { "$TypeId": 10, "Guid": "d10c5b3eeb1458247b274c080e457bc0", "FileId": 2800000, "Type": 3 }
                }
            }]
        }]
    }, {
        "Item": {
            "Name": "Code",
            "Size": 0,
            "CompressedSize": 0
        },
        "Children": [{
            "Item": {
                "Name": "TinyExport/ZenBall/html5/development/bin/entities.js",
                "Size": 31620,
                "CompressedSize": 4775
            },
            "Children": [{
                "Item": {
                    "Name": "Scene",
                    "Size": 25033,
                    "CompressedSize": 4233
                }
            }, {
                "Item": {
                    "Name": "Coin",
                    "Size": 2010,
                    "CompressedSize": 641
                }
            }, {
                "Item": {
                    "Name": "Obstacle",
                    "Size": 2102,
                    "CompressedSize": 655
                }
            }, {
                "Item": {
                    "Name": "ShotPeg",
                    "Size": 2401,
                    "CompressedSize": 677
                }
            }]
        }, {
            "Item": {
                "Name": "TinyExport/ZenBall/html5/development/bin/bindings.js",
                "Size": 132497,
                "CompressedSize": 11620
            }
        }, {
            "Item": {
                "Name": "Linked Code Files",
                "Size": 0,
                "CompressedSize": 0
            },
            "Children": [{
                "Item": {
                    "Name": "F:\\2019\\TinyProyect\\TinyBallGame\\TinyExport\\ZenBall\\html5\\development\\ScriptAssemblies\\tsc-emit.js",
                    "Size": 62125,
                    "CompressedSize": 8979
                }
            }]
        }, {
            "Item": {
                "Name": "TinyExport/ZenBall/html5/development/bin/main.js",
                "Size": 7682,
                "CompressedSize": 1666
            }
        }, {
            "Item": {
                "Name": "TinyExport/ZenBall/html5/development/bin/wsclient.js",
                "Size": 9651,
                "CompressedSize": 2635
            }
        }]
    }]
}