{
    "Success": true,
    "Diagnostics": [],
    "Systems": [
        {
            "Name": "BallShootingSystem",
            "QualifiedName": "game.BallShootingSystem",
            "Description": "New System",
            "Source": {
                "File": "F:/2019/TinyProyect/TinyBallGame/Assets/ZenBall/Scripts/BallShootingSystem.ts",
                "Line": 6,
                "Character": 17
            }
        },
        {
            "Name": "BorderSystem",
            "QualifiedName": "game.BorderSystem",
            "Description": "New System",
            "Source": {
                "File": "F:/2019/TinyProyect/TinyBallGame/Assets/ZenBall/Scripts/BorderSystem.ts",
                "Line": 4,
                "Character": 17
            }
        },
        {
            "Name": "CoinSpawnSystem",
            "QualifiedName": "game.CoinSpawnSystem",
            "Description": "New System",
            "Source": {
                "File": "F:/2019/TinyProyect/TinyBallGame/Assets/ZenBall/Scripts/CoinSpawnSystem.ts",
                "Line": 5,
                "Character": 17
            }
        },
        {
            "Name": "CollisionAudioSystem",
            "QualifiedName": "game.CollisionAudioSystem",
            "Description": "",
            "Source": {
                "File": "F:/2019/TinyProyect/TinyBallGame/Assets/ZenBall/Scripts/CollisionAudioSystem.ts",
                "Line": 6,
                "Character": 17
            },
            "ExecuteAfter": [
                "ut.Shared.UserCodeStart"
            ],
            "ExecuteBefore": [
                "ut.Shared.UserCodeEnd"
            ],
            "RequiredComponents": [
                "ut.Physics2D.ColliderContacts",
                "ut.Core2D.Sprite2DRenderer"
            ]
        },
        {
            "Name": "GameSystem",
            "QualifiedName": "game.GameSystem",
            "Description": "New System",
            "Source": {
                "File": "F:/2019/TinyProyect/TinyBallGame/Assets/ZenBall/Scripts/GameSystem.ts",
                "Line": 5,
                "Character": 17
            }
        },
        {
            "Name": "JsonObstacleSpawner",
            "QualifiedName": "game.JsonObstacleSpawner",
            "Description": "New System",
            "Source": {
                "File": "F:/2019/TinyProyect/TinyBallGame/Assets/ZenBall/Scripts/JsonObstacleSpawner.ts",
                "Line": 4,
                "Character": 17
            }
        },
        {
            "Name": "LineRenderingSystem",
            "QualifiedName": "game.LineRenderingSystem",
            "Description": "New System",
            "Source": {
                "File": "F:/2019/TinyProyect/TinyBallGame/Assets/ZenBall/Scripts/LineRenderingSystem.ts",
                "Line": 5,
                "Character": 17
            }
        },
        {
            "Name": "NextLevelSystem",
            "QualifiedName": "game.NextLevelSystem",
            "Description": "",
            "Source": {
                "File": "F:/2019/TinyProyect/TinyBallGame/Assets/ZenBall/Scripts/NextLevelSystem.ts",
                "Line": 5,
                "Character": 17
            },
            "ExecuteAfter": [
                "game.CoinSpawnSystem"
            ]
        },
        {
            "Name": "ObstacleSpawnSystem",
            "QualifiedName": "game.ObstacleSpawnSystem",
            "Description": "New System",
            "Source": {
                "File": "F:/2019/TinyProyect/TinyBallGame/Assets/ZenBall/Scripts/RandomObstacleSpawnSystem.ts",
                "Line": 5,
                "Character": 17
            }
        },
        {
            "Name": "ShotsUISystem",
            "QualifiedName": "game.ShotsUISystem",
            "Description": "New System",
            "Source": {
                "File": "F:/2019/TinyProyect/TinyBallGame/Assets/ZenBall/Scripts/ShotsUISystem.ts",
                "Line": 5,
                "Character": 17
            }
        },
        {
            "Name": "TimeLethalitySystem",
            "QualifiedName": "game.TimeLethalitySystem",
            "Description": "New System",
            "Source": {
                "File": "F:/2019/TinyProyect/TinyBallGame/Assets/ZenBall/Scripts/TimeLethalitySystem.ts",
                "Line": 5,
                "Character": 17
            }
        },
        {
            "Name": "TutorialSystem",
            "QualifiedName": "game.TutorialSystem",
            "Description": "",
            "Source": {
                "File": "F:/2019/TinyProyect/TinyBallGame/Assets/ZenBall/Scripts/TutorialSystem.ts",
                "Line": 6,
                "Character": 17
            },
            "ExecuteBefore": [
                "game.GameSystem"
            ]
        },
        {
            "Name": "DirectionInputSystem",
            "QualifiedName": "game.DirectionInputSystem",
            "Description": "InputHandlingSystem",
            "Source": {
                "File": "F:/2019/TinyProyect/TinyBallGame/Assets/ZenBall/Scripts/Directional input/DirectionInputSystem.ts",
                "Line": 6,
                "Character": 17
            }
        },
        {
            "Name": "DirectionalPowerSystem",
            "QualifiedName": "game.DirectionalPowerSystem",
            "Description": "New System",
            "Source": {
                "File": "F:/2019/TinyProyect/TinyBallGame/Assets/ZenBall/Scripts/Directional input/DirectionalPowerSystem.ts",
                "Line": 7,
                "Character": 17
            }
        }
    ],
    "Filters": [],
    "Behaviours": [],
    "Performance": [
        {
            "Key": "tsconfig",
            "Description": "Time taken to read and parse the given tsconfig.json file",
            "Duration": 162,
            "Steps": 1
        },
        {
            "Key": "checksum",
            "Description": "Time taken to compute the MD5 of all inputs",
            "Duration": 212,
            "Steps": 1
        },
        {
            "Key": "compile",
            "Description": "Time taken to compile the TypeScript program",
            "Duration": 1070,
            "Steps": 24
        },
        {
            "Key": "emit",
            "Description": "Time taken to generate and write the JavaScript output",
            "Duration": 230,
            "Steps": 2
        },
        {
            "Key": "metadata",
            "Description": "Time taken to reflect Tiny metadata from the compiled program",
            "Duration": 8,
            "Steps": 14
        }
    ],
    "SourceFiles": [
        "F:/2019/TinyProyect/TinyBallGame/Assets/ZenBall/Scripts/BallShootingSystem.ts",
        "F:/2019/TinyProyect/TinyBallGame/Assets/ZenBall/Scripts/BorderSystem.ts",
        "F:/2019/TinyProyect/TinyBallGame/Assets/ZenBall/Scripts/CoinSpawnSystem.ts",
        "F:/2019/TinyProyect/TinyBallGame/Assets/ZenBall/Scripts/CollisionAudioSystem.ts",
        "F:/2019/TinyProyect/TinyBallGame/Assets/ZenBall/Scripts/GameSystem.ts",
        "F:/2019/TinyProyect/TinyBallGame/Assets/ZenBall/Scripts/JsonObstacleSpawner.ts",
        "F:/2019/TinyProyect/TinyBallGame/Assets/ZenBall/Scripts/JsonUtils.ts",
        "F:/2019/TinyProyect/TinyBallGame/Assets/ZenBall/Scripts/LineRenderingSystem.ts",
        "F:/2019/TinyProyect/TinyBallGame/Assets/ZenBall/Scripts/NextLevelSystem.ts",
        "F:/2019/TinyProyect/TinyBallGame/Assets/ZenBall/Scripts/RandomObstacleSpawnSystem.ts",
        "F:/2019/TinyProyect/TinyBallGame/Assets/ZenBall/Scripts/ShotsUISystem.ts",
        "F:/2019/TinyProyect/TinyBallGame/Assets/ZenBall/Scripts/TimeLethalitySystem.ts",
        "F:/2019/TinyProyect/TinyBallGame/Assets/ZenBall/Scripts/TutorialSystem.ts",
        "F:/2019/TinyProyect/TinyBallGame/Assets/ZenBall/Scripts/Directional input/DirectionInputSystem.ts",
        "F:/2019/TinyProyect/TinyBallGame/Assets/ZenBall/Scripts/Directional input/DirectionalPowerSystem.ts",
        "F:/2019/TinyProyect/TinyBallGame/Library/PackageCache/com.unity.tiny@0.13.4-preview/Runtime/Modules/UTiny.EntityGroup/Scripts/EntityGroup.ts",
        "F:/2019/TinyProyect/TinyBallGame/Library/PackageCache/com.unity.tiny@0.13.4-preview/Runtime/Modules/UTiny.EntityGroup/Scripts/EntityLookupCache.ts"
    ],
    "InputHash": "67fcaaccc75f5cfb9728b4876491ed01",
    "GeneratedAt": "Thu Feb 07 2019 12:52:26 GMT-0500 (Hora est. Pacífico, Sudamérica)"
}