{
    "Success": true,
    "Diagnostics": [],
    "Systems": [
        {
            "Name": "BallShootingSystem",
            "QualifiedName": "game.BallShootingSystem",
            "Description": "New System",
            "Source": {
                "File": "F:/2019/TinyProyect/TinyBallGame/Assets/ZenBall/Scripts/BallShootingSystem.ts",
                "Line": 6,
                "Character": 17
            }
        },
        {
            "Name": "BorderSystem",
            "QualifiedName": "game.BorderSystem",
            "Description": "New System",
            "Source": {
                "File": "F:/2019/TinyProyect/TinyBallGame/Assets/ZenBall/Scripts/BorderSystem.ts",
                "Line": 4,
                "Character": 17
            }
        },
        {
            "Name": "CoinSpawnSystem",
            "QualifiedName": "game.CoinSpawnSystem",
            "Description": "New System",
            "Source": {
                "File": "F:/2019/TinyProyect/TinyBallGame/Assets/ZenBall/Scripts/CoinSpawnSystem.ts",
                "Line": 5,
                "Character": 17
            }
        },
        {
            "Name": "CollisionAudioSystem",
            "QualifiedName": "game.CollisionAudioSystem",
            "Description": "",
            "Source": {
                "File": "F:/2019/TinyProyect/TinyBallGame/Assets/ZenBall/Scripts/CollisionAudioSystem.ts",
                "Line": 6,
                "Character": 17
            },
            "ExecuteAfter": [
                "ut.Shared.UserCodeStart"
            ],
            "ExecuteBefore": [
                "ut.Shared.UserCodeEnd"
            ],
            "RequiredComponents": [
                "ut.Physics2D.ColliderContacts",
                "ut.Core2D.Sprite2DRenderer"
            ]
        },
        {
            "Name": "GameSystem",
            "QualifiedName": "game.GameSystem",
            "Description": "New System",
            "Source": {
                "File": "F:/2019/TinyProyect/TinyBallGame/Assets/ZenBall/Scripts/GameSystem.ts",
                "Line": 5,
                "Character": 17
            }
        },
        {
            "Name": "JsonObstacleSpawner",
            "QualifiedName": "game.JsonObstacleSpawner",
            "Description": "New System",
            "Source": {
                "File": "F:/2019/TinyProyect/TinyBallGame/Assets/ZenBall/Scripts/JsonObstacleSpawner.ts",
                "Line": 5,
                "Character": 17
            }
        },
        {
            "Name": "LineRenderingSystem",
            "QualifiedName": "game.LineRenderingSystem",
            "Description": "New System",
            "Source": {
                "File": "F:/2019/TinyProyect/TinyBallGame/Assets/ZenBall/Scripts/LineRenderingSystem.ts",
                "Line": 5,
                "Character": 17
            }
        },
        {
            "Name": "ObstacleSpawnSystem",
            "QualifiedName": "game.ObstacleSpawnSystem",
            "Description": "New System",
            "Source": {
                "File": "F:/2019/TinyProyect/TinyBallGame/Assets/ZenBall/Scripts/RandomObstacleSpawnSystem.ts",
                "Line": 5,
                "Character": 17
            }
        },
        {
            "Name": "ShotsUISystem",
            "QualifiedName": "game.ShotsUISystem",
            "Description": "New System",
            "Source": {
                "File": "F:/2019/TinyProyect/TinyBallGame/Assets/ZenBall/Scripts/ShotsUISystem.ts",
                "Line": 5,
                "Character": 17
            }
        },
        {
            "Name": "TimeLethalitySystem",
            "QualifiedName": "game.TimeLethalitySystem",
            "Description": "New System",
            "Source": {
                "File": "F:/2019/TinyProyect/TinyBallGame/Assets/ZenBall/Scripts/TimeLethalitySystem.ts",
                "Line": 5,
                "Character": 17
            }
        },
        {
            "Name": "DirectionInputSystem",
            "QualifiedName": "game.DirectionInputSystem",
            "Description": "InputHandlingSystem",
            "Source": {
                "File": "F:/2019/TinyProyect/TinyBallGame/Assets/ZenBall/Scripts/Directional input/DirectionInputSystem.ts",
                "Line": 6,
                "Character": 17
            }
        },
        {
            "Name": "DirectionalPowerSystem",
            "QualifiedName": "game.DirectionalPowerSystem",
            "Description": "New System",
            "Source": {
                "File": "F:/2019/TinyProyect/TinyBallGame/Assets/ZenBall/Scripts/Directional input/DirectionalPowerSystem.ts",
                "Line": 7,
                "Character": 17
            }
        },
        {
            "Name": "PotencyDirectionalSystem",
            "QualifiedName": "game.PotencyDirectionalSystem",
            "Description": "New System",
            "Source": {
                "File": "F:/2019/TinyProyect/TinyBallGame/Assets/ZenBall/Scripts/Potency input/PotencyDirectionalSystem.ts",
                "Line": 5,
                "Character": 17
            }
        },
        {
            "Name": "PotencyInputSystem",
            "QualifiedName": "game.PotencyInputSystem",
            "Description": "New System",
            "Source": {
                "File": "F:/2019/TinyProyect/TinyBallGame/Assets/ZenBall/Scripts/Potency input/PotencyInputSystem.ts",
                "Line": 6,
                "Character": 17
            }
        }
    ],
    "Filters": [
        {
            "Name": "DirectionalArrowBehaviourFilter",
            "QualifiedName": "game.DirectionalArrowBehaviourFilter",
            "Description": "",
            "Source": {
                "File": "F:/2019/TinyProyect/TinyBallGame/Assets/ZenBall/Scripts/Potency input/DirectionalArrowBehaviour.ts",
                "Line": 4,
                "Character": 17
            },
            "Fields": [
                {
                    "Name": "node",
                    "QualifiedName": "ut.Core2D.TransformNode",
                    "Description": "",
                    "Source": {
                        "File": "F:/2019/TinyProyect/TinyBallGame/Assets/ZenBall/Scripts/Potency input/DirectionalArrowBehaviour.ts",
                        "Line": 4,
                        "Character": 75
                    },
                    "IsStatic": false,
                    "IsReadonly": false,
                    "IsOptional": false,
                    "IsPublic": true
                },
                {
                    "Name": "position",
                    "QualifiedName": "ut.Core2D.TransformLocalPosition",
                    "Description": "",
                    "Source": {
                        "File": "F:/2019/TinyProyect/TinyBallGame/Assets/ZenBall/Scripts/Potency input/DirectionalArrowBehaviour.ts",
                        "Line": 5,
                        "Character": 39
                    },
                    "IsStatic": false,
                    "IsReadonly": false,
                    "IsOptional": true,
                    "IsPublic": true
                },
                {
                    "Name": "rotation",
                    "QualifiedName": "ut.Core2D.TransformLocalRotation",
                    "Description": "",
                    "Source": {
                        "File": "F:/2019/TinyProyect/TinyBallGame/Assets/ZenBall/Scripts/Potency input/DirectionalArrowBehaviour.ts",
                        "Line": 6,
                        "Character": 53
                    },
                    "IsStatic": false,
                    "IsReadonly": false,
                    "IsOptional": true,
                    "IsPublic": true
                },
                {
                    "Name": "scale",
                    "QualifiedName": "ut.Core2D.TransformLocalScale",
                    "Description": "",
                    "Source": {
                        "File": "F:/2019/TinyProyect/TinyBallGame/Assets/ZenBall/Scripts/Potency input/DirectionalArrowBehaviour.ts",
                        "Line": 7,
                        "Character": 53
                    },
                    "IsStatic": false,
                    "IsReadonly": false,
                    "IsOptional": true,
                    "IsPublic": true
                },
                {
                    "Name": "arrow",
                    "QualifiedName": "game.ArrowTag",
                    "Description": "",
                    "Source": {
                        "File": "F:/2019/TinyProyect/TinyBallGame/Assets/ZenBall/Scripts/Potency input/DirectionalArrowBehaviour.ts",
                        "Line": 8,
                        "Character": 47
                    },
                    "IsStatic": false,
                    "IsReadonly": false,
                    "IsOptional": true,
                    "IsPublic": true
                },
                {
                    "Name": "rendering",
                    "QualifiedName": "ut.Core2D.Sprite2DRenderer",
                    "Description": "",
                    "Source": {
                        "File": "F:/2019/TinyProyect/TinyBallGame/Assets/ZenBall/Scripts/Potency input/DirectionalArrowBehaviour.ts",
                        "Line": 9,
                        "Character": 31
                    },
                    "IsStatic": false,
                    "IsReadonly": false,
                    "IsOptional": true,
                    "IsPublic": true
                }
            ]
        }
    ],
    "Behaviours": [
        {
            "Name": "DirectionalArrowBehaviour",
            "QualifiedName": "game.DirectionalArrowBehaviour",
            "Description": "",
            "Source": {
                "File": "F:/2019/TinyProyect/TinyBallGame/Assets/ZenBall/Scripts/Potency input/DirectionalArrowBehaviour.ts",
                "Line": 13,
                "Character": 17
            },
            "Fields": [
                {
                    "Name": "data",
                    "QualifiedName": "game.DirectionalArrowBehaviourFilter",
                    "Description": "",
                    "Source": {
                        "File": "F:/2019/TinyProyect/TinyBallGame/Assets/ZenBall/Scripts/Potency input/DirectionalArrowBehaviour.ts",
                        "Line": 13,
                        "Character": 75
                    },
                    "IsStatic": false,
                    "IsReadonly": false,
                    "IsOptional": false,
                    "IsPublic": true
                }
            ]
        }
    ],
    "Performance": [
        {
            "Key": "tsconfig",
            "Description": "Time taken to read and parse the given tsconfig.json file",
            "Duration": 124,
            "Steps": 1
        },
        {
            "Key": "checksum",
            "Description": "Time taken to compute the MD5 of all inputs",
            "Duration": 214,
            "Steps": 1
        },
        {
            "Key": "compile",
            "Description": "Time taken to compile the TypeScript program",
            "Duration": 1048,
            "Steps": 25
        },
        {
            "Key": "emit",
            "Description": "Time taken to generate and write the JavaScript output",
            "Duration": 208,
            "Steps": 2
        },
        {
            "Key": "metadata",
            "Description": "Time taken to reflect Tiny metadata from the compiled program",
            "Duration": 10,
            "Steps": 14
        }
    ],
    "SourceFiles": [
        "F:/2019/TinyProyect/TinyBallGame/Assets/ZenBall/Scripts/BallShootingSystem.ts",
        "F:/2019/TinyProyect/TinyBallGame/Assets/ZenBall/Scripts/BorderSystem.ts",
        "F:/2019/TinyProyect/TinyBallGame/Assets/ZenBall/Scripts/CoinSpawnSystem.ts",
        "F:/2019/TinyProyect/TinyBallGame/Assets/ZenBall/Scripts/CollisionAudioSystem.ts",
        "F:/2019/TinyProyect/TinyBallGame/Assets/ZenBall/Scripts/GameSystem.ts",
        "F:/2019/TinyProyect/TinyBallGame/Assets/ZenBall/Scripts/JsonObstacleSpawner.ts",
        "F:/2019/TinyProyect/TinyBallGame/Assets/ZenBall/Scripts/JsonUtils.ts",
        "F:/2019/TinyProyect/TinyBallGame/Assets/ZenBall/Scripts/LineRenderingSystem.ts",
        "F:/2019/TinyProyect/TinyBallGame/Assets/ZenBall/Scripts/RandomObstacleSpawnSystem.ts",
        "F:/2019/TinyProyect/TinyBallGame/Assets/ZenBall/Scripts/ShotsUISystem.ts",
        "F:/2019/TinyProyect/TinyBallGame/Assets/ZenBall/Scripts/TimeLethalitySystem.ts",
        "F:/2019/TinyProyect/TinyBallGame/Assets/ZenBall/Scripts/Directional input/DirectionInputSystem.ts",
        "F:/2019/TinyProyect/TinyBallGame/Assets/ZenBall/Scripts/Directional input/DirectionalPowerSystem.ts",
        "F:/2019/TinyProyect/TinyBallGame/Assets/ZenBall/Scripts/Potency input/DirectionalArrowBehaviour.ts",
        "F:/2019/TinyProyect/TinyBallGame/Assets/ZenBall/Scripts/Potency input/PotencyDirectionalSystem.ts",
        "F:/2019/TinyProyect/TinyBallGame/Assets/ZenBall/Scripts/Potency input/PotencyInputSystem.ts",
        "F:/2019/TinyProyect/TinyBallGame/Library/PackageCache/com.unity.tiny@0.13.4-preview/Runtime/Modules/UTiny.EntityGroup/Scripts/EntityGroup.ts",
        "F:/2019/TinyProyect/TinyBallGame/Library/PackageCache/com.unity.tiny@0.13.4-preview/Runtime/Modules/UTiny.EntityGroup/Scripts/EntityLookupCache.ts"
    ],
    "InputHash": "8b1b2f3fcf9537e6d4d9a2f83b0ee206",
    "GeneratedAt": "Mon Feb 04 2019 17:18:58 GMT-0500 (Hora est. Pacífico, Sudamérica)"
}